-- MySQL dump 10.13  Distrib 8.0.16, for Win64 (x86_64)
--
-- Host: localhost    Database: openmrstest
-- ------------------------------------------------------
-- Server version	5.7.26-log

/*!40101 SET @OLD_CHARACTER_SET_CLIENT=@@CHARACTER_SET_CLIENT */;
/*!40101 SET @OLD_CHARACTER_SET_RESULTS=@@CHARACTER_SET_RESULTS */;
/*!40101 SET @OLD_COLLATION_CONNECTION=@@COLLATION_CONNECTION */;
 SET NAMES utf8 ;
/*!40103 SET @OLD_TIME_ZONE=@@TIME_ZONE */;
/*!40103 SET TIME_ZONE='+00:00' */;
/*!40014 SET @OLD_UNIQUE_CHECKS=@@UNIQUE_CHECKS, UNIQUE_CHECKS=0 */;
/*!40014 SET @OLD_FOREIGN_KEY_CHECKS=@@FOREIGN_KEY_CHECKS, FOREIGN_KEY_CHECKS=0 */;
/*!40101 SET @OLD_SQL_MODE=@@SQL_MODE, SQL_MODE='NO_AUTO_VALUE_ON_ZERO' */;
/*!40111 SET @OLD_SQL_NOTES=@@SQL_NOTES, SQL_NOTES=0 */;

--
-- Table structure for table `privilege`
--

DROP TABLE IF EXISTS `privilege`;
/*!40101 SET @saved_cs_client     = @@character_set_client */;
 SET character_set_client = utf8mb4 ;
CREATE TABLE `privilege` (
  `privilege` varchar(255) NOT NULL,
  `description` text,
  `uuid` char(38) NOT NULL,
  PRIMARY KEY (`privilege`),
  UNIQUE KEY `privilege_uuid_index` (`uuid`)
) ENGINE=InnoDB DEFAULT CHARSET=utf8;
/*!40101 SET character_set_client = @saved_cs_client */;

--
-- Dumping data for table `privilege`
--

LOCK TABLES `privilege` WRITE;
/*!40000 ALTER TABLE `privilege` DISABLE KEYS */;
INSERT INTO `privilege` VALUES ('Add Allergies','Add allergies','4206b577-dfd0-4852-8db4-6a284e65f441'),('Add Cohorts','Able to add a cohort to the system','a9f4dea6-768f-11e9-8ea1-fa163e701d7a'),('Add Concept Proposals','Able to add concept proposals to the system','a9f4e1ee-768f-11e9-8ea1-fa163e701d7a'),('Add Encounters','Able to add patient encounters','a9f4e38c-768f-11e9-8ea1-fa163e701d7a'),('Add HL7 Inbound Archive','Able to add an HL7 archive item','b4e37b86-e163-457a-81ba-ecb2beb8f731'),('Add HL7 Inbound Exception','Able to add an HL7 error item','f44b914d-d3d7-4ce6-a625-9c67167d9224'),('Add HL7 Inbound Queue','Able to add an HL7 Queue item','7178ce58-ad17-4d99-a7e3-ab68be1b3f84'),('Add HL7 Source','Able to add an HL7 Source','2f91f006-d2d5-4dad-a136-be2ccf9f344b'),('Add Observations','Able to add patient observations','a9f4e467-768f-11e9-8ea1-fa163e701d7a'),('Add Orders','Able to add orders','a9f4e521-768f-11e9-8ea1-fa163e701d7a'),('Add Patient Identifiers','Able to add patient identifiers','a9f4e71b-768f-11e9-8ea1-fa163e701d7a'),('Add Patient Programs','Able to add patients to programs','a9f4e7f1-768f-11e9-8ea1-fa163e701d7a'),('Add Patients','Able to add patients','a9f4e8aa-768f-11e9-8ea1-fa163e701d7a'),('Add People','Able to add person objects','a9f4e955-768f-11e9-8ea1-fa163e701d7a'),('Add Problems','Add problems','e10f0f3b-1941-4579-a201-e4ac17d5bf9d'),('Add Relationships','Able to add relationships','a9f4e9d7-768f-11e9-8ea1-fa163e701d7a'),('Add Report Objects','Able to add report objects','a9f4ea4e-768f-11e9-8ea1-fa163e701d7a'),('Add Reports','Able to add reports','a9f4eac5-768f-11e9-8ea1-fa163e701d7a'),('Add Users','Able to add users to OpenMRS','a9f4eb37-768f-11e9-8ea1-fa163e701d7a'),('Add Visits','Able to add visits','65d14b28-3989-11e6-899a-a4d646d86a8a'),('App: adminui.configuremetadata','Able to access configure metadata app','52367ddb-0ef2-46d5-9dea-6a194dc5cbd1'),('App: appointmentschedulingui.appointmentTypes','Access to the Manage Service Types app','f72c5c23-f031-42ba-85d9-fea4de0b6d27'),('App: appointmentschedulingui.home','Ability to view the appointment app on the home page','21eb5141-b110-4702-8567-4259fde496f0'),('App: appointmentschedulingui.providerSchedules','Access to the Manage Provider Schedules app','cbfb086d-fdef-4a05-9239-b5bfce3a5e53'),('App: appointmentschedulingui.viewAppointments','Access to Manage Appointments and Daily Scheduled Appointments (but not the ability to book appointments from these pages)','84bff0c5-3991-4e9b-8a2b-fcd7fd17b854'),('App: atlas.manage','Manage whether and how this implementation is displayed on the OpenMRS Atlas','957f933a-0541-4320-adc2-e962118d7eef'),('App: attachments.attachments.page','Allowed to access the main attachments page','f4f905c5-c897-4fa7-a067-89d6dbfcfdb3'),('App: coreapps.activeVisits','Able to access the active visits app','04a47575-f889-4b45-9b46-d135c11ffee3'),('App: coreapps.configuremetadata','Able to access the Configure Metadata page','0241198d-8230-45db-b4de-d712f974d304'),('App: coreapps.dataManagement','Able to access data management apps','4a1b28cb-64fa-486e-8c6f-59f088b21510'),('App: coreapps.findPatient','Able to access the find patient app','716caeda-25db-4093-b0de-b1b854a556a6'),('App: coreapps.mergePatient','Able to access the merge patient app','b052f9be-9a2e-4f9b-bc45-c9734f575a9d'),('App: coreapps.patientDashboard','Able to access the patient dashboard','bcc1e6ad-611f-4018-a19f-c26b62822871'),('App: coreapps.patientVisits','Able to access the patient visits screen','07e2b714-8fcf-4851-b2fc-99a34592c6e2'),('App: coreapps.summaryDashboard','Able to access summary dashboards','9965dea8-16bc-4acf-89fb-b72b68032eab'),('App: coreapps.systemAdministration','Able to access the System Administration page','81dc7340-ab2e-4d8e-8702-d85995e6317a'),('App: formentryapp.forms','Manages implementation-defined forms and attaches them to the UI','117fe3eb-5326-4b5b-bb6c-6a293f675ff8'),('App: referenceapplication.legacyAdmin','Able to access the advanced administration app','bc5f4cfe-bb5d-445d-b25e-74439fbf4878'),('App: referenceapplication.manageApps','Able to manage app definitions','d4ec5825-c1f2-458b-a455-e48c9e078183'),('App: referenceapplication.styleGuide','Able to access the style guide app','9776d3b9-e5d1-4ee1-8ee5-7e2be42c6491'),('App: referenceapplication.vitals','Able to access the vitals app','c5fef1db-eea6-49a3-b1fb-da8c2c1e9085'),('App: registrationapp.registerPatient','Able to access the register patient app','5195ffc6-bc75-4ddc-8358-c9f0b5a08c64'),('Assign System Developer Role','Able to assign System Developer role','f735bf12-7ec1-41a9-aa43-e1468b8fac04'),('Configure Visits','Able to choose encounter visit handler and enable/disable encounter visits','2330ffb8-943e-4ed3-8df8-5f7b9657693e'),('Delete Cohorts','Able to add a cohort to the system','a9f4eba8-768f-11e9-8ea1-fa163e701d7a'),('Delete Concept Proposals','Able to delete concept proposals from the system','a9f4ec1f-768f-11e9-8ea1-fa163e701d7a'),('Delete Conditions','Able to delete conditions','67ab5ba2-43f3-455c-9d6b-406299686d54'),('Delete Diagnoses','Able to delete diagnoses','83d8ef24-4ef0-4899-ba3b-8f0adb447958'),('Delete Encounters','Able to delete patient encounters','a9f4ed1f-768f-11e9-8ea1-fa163e701d7a'),('Delete HL7 Inbound Archive','Able to delete/retire an HL7 archive item','0863d887-a8cb-485d-8a21-88a177760bf2'),('Delete HL7 Inbound Exception','Able to delete an HL7 archive item','5ace97d1-9060-47c5-95c8-0191c219046e'),('Delete HL7 Inbound Queue','Able to delete an HL7 Queue item','e592b2e0-0205-41ae-9f3d-c56ce9ccd4c5'),('Delete Notes','Able to delete patient notes','0ec24dc9-7ca8-405a-b620-b94054c0434d'),('Delete Observations','Able to delete patient observations','a9f4edac-768f-11e9-8ea1-fa163e701d7a'),('Delete Orders','Able to delete orders','a9f4ee20-768f-11e9-8ea1-fa163e701d7a'),('Delete Patient Identifiers','Able to delete patient identifiers','a9f4ee95-768f-11e9-8ea1-fa163e701d7a'),('Delete Patient Programs','Able to delete patients from programs','a9f4ef0f-768f-11e9-8ea1-fa163e701d7a'),('Delete Patients','Able to delete patients','a9f4ef85-768f-11e9-8ea1-fa163e701d7a'),('Delete People','Able to delete objects','a9f4effd-768f-11e9-8ea1-fa163e701d7a'),('Delete Relationships','Able to delete relationships','a9f4f072-768f-11e9-8ea1-fa163e701d7a'),('Delete Report Objects','Able to delete report objects','a9f4f0e8-768f-11e9-8ea1-fa163e701d7a'),('Delete Reports','Able to delete reports','a9f4f15f-768f-11e9-8ea1-fa163e701d7a'),('Delete Users','Able to delete users in OpenMRS','a9f4f1d7-768f-11e9-8ea1-fa163e701d7a'),('Delete Visits','Able to delete visits','985efb5d-fb61-4f5c-91ee-e220aed02adf'),('Edit Allergies','Able to edit allergies','5badbb97-1c91-4a0c-9eb2-9f60eeee209d'),('Edit Cohorts','Able to add a cohort to the system','a9f4f24b-768f-11e9-8ea1-fa163e701d7a'),('Edit Concept Proposals','Able to edit concept proposals in the system','a9f4f2bf-768f-11e9-8ea1-fa163e701d7a'),('Edit Conditions','Able to edit conditions','e1b4a92e-f1a8-4416-baa0-010b8b2517ed'),('Edit Diagnoses','Able to edit diagnoses','909f5d5f-fa52-40e7-89db-6054b852b1e7'),('Edit Encounters','Able to edit patient encounters','a9f4f32f-768f-11e9-8ea1-fa163e701d7a'),('Edit Notes','Able to edit patient notes','f4f62ac7-4d7b-4ad8-8403-377af295bc54'),('Edit Observations','Able to edit patient observations','a9f4f3a2-768f-11e9-8ea1-fa163e701d7a'),('Edit Orders','Able to edit orders','a9f4f417-768f-11e9-8ea1-fa163e701d7a'),('Edit Patient Identifiers','Able to edit patient identifiers','a9f4f489-768f-11e9-8ea1-fa163e701d7a'),('Edit Patient Programs','Able to edit patients in programs','a9f4f4fd-768f-11e9-8ea1-fa163e701d7a'),('Edit Patients','Able to edit patients','a9f4f572-768f-11e9-8ea1-fa163e701d7a'),('Edit People','Able to edit person objects','a9f4f5e7-768f-11e9-8ea1-fa163e701d7a'),('Edit Problems','Able to edit problems','524c8c9e-b7a5-4749-a5b7-b5ca14417138'),('Edit Relationships','Able to edit relationships','a9f4f65a-768f-11e9-8ea1-fa163e701d7a'),('Edit Report Objects','Able to edit report objects','a9f4f6cd-768f-11e9-8ea1-fa163e701d7a'),('Edit Reports','Able to edit reports','a9f4f743-768f-11e9-8ea1-fa163e701d7a'),('Edit User Passwords','Able to change the passwords of users in OpenMRS','a9f4f7b7-768f-11e9-8ea1-fa163e701d7a'),('Edit Users','Able to edit users in OpenMRS','a9f4f82f-768f-11e9-8ea1-fa163e701d7a'),('Edit Visits','Able to edit visits','f2d9ca08-df44-4481-baa0-1be1417fe038'),('Form Entry','Allows user to access Form Entry pages/functions','a9f4f89e-768f-11e9-8ea1-fa163e701d7a'),('Generate Batch of Identifiers','Allows user to generate a batch of identifiers to a file for offline use','a7c83034-bcaa-4ef1-889d-932c819c0343'),('Get Allergies','Able to get allergies','d05118c6-2490-4d78-a41a-390e3596a220'),('Get Care Settings','Able to get Care Settings','2849847f-ae43-4fe3-a613-cf7acb931be4'),('Get Concept Attribute Types','Able to get concept attribute types','ad6da37a-49bf-40ec-8e5f-1bf5fe63204f'),('Get Concept Classes','Able to get concept classes','d05118c6-2490-4d78-a41a-390e3596a238'),('Get Concept Datatypes','Able to get concept datatypes','d05118c6-2490-4d78-a41a-390e3596a237'),('Get Concept Map Types','Able to get concept map types','d05118c6-2490-4d78-a41a-390e3596a230'),('Get Concept Proposals','Able to get concept proposals to the system','d05118c6-2490-4d78-a41a-390e3596a250'),('Get Concept Reference Terms','Able to get concept reference terms','d05118c6-2490-4d78-a41a-390e3596a229'),('Get Concept Sources','Able to get concept sources','d05118c6-2490-4d78-a41a-390e3596a231'),('Get Concepts','Able to get concept entries','d05118c6-2490-4d78-a41a-390e3596a251'),('Get Conditions','Able to get conditions','1d7b9483-db12-440f-a4c6-91f543861d73'),('Get Database Changes','Able to get database changes from the admin screen','d05118c6-2490-4d78-a41a-390e3596a222'),('Get Diagnoses','Able to get diagnoses','a53ef413-53ba-4720-9067-97a64e20f243'),('Get Encounter Roles','Able to get encounter roles','d05118c6-2490-4d78-a41a-390e3596a210'),('Get Encounter Types','Able to get encounter types','d05118c6-2490-4d78-a41a-390e3596a247'),('Get Encounters','Able to get patient encounters','d05118c6-2490-4d78-a41a-390e3596a248'),('Get Field Types','Able to get field types','d05118c6-2490-4d78-a41a-390e3596a234'),('Get Forms','Able to get forms','d05118c6-2490-4d78-a41a-390e3596a240'),('Get Global Properties','Able to get global properties on the administration screen','d05118c6-2490-4d78-a41a-390e3596a226'),('Get HL7 Inbound Archive','Able to get an HL7 archive item','d05118c6-2490-4d78-a41a-390e3596a217'),('Get HL7 Inbound Exception','Able to get an HL7 error item','d05118c6-2490-4d78-a41a-390e3596a216'),('Get HL7 Inbound Queue','Able to get an HL7 Queue item','d05118c6-2490-4d78-a41a-390e3596a218'),('Get HL7 Source','Able to get an HL7 Source','d05118c6-2490-4d78-a41a-390e3596a219'),('Get Identifier Types','Able to get patient identifier types','d05118c6-2490-4d78-a41a-390e3596a239'),('Get Location Attribute Types','Able to get location attribute types','d05118c6-2490-4d78-a41a-390e3596a212'),('Get Locations','Able to get locations','d05118c6-2490-4d78-a41a-390e3596a246'),('Get Notes','Able to get patient notes','ce429242-ebb4-4780-9ff6-26960ebe08a6'),('Get Observations','Able to get patient observations','d05118c6-2490-4d78-a41a-390e3596a245'),('Get Order Frequencies','Able to get Order Frequencies','1dd475af-5c32-409e-9856-abd3f1095f26'),('Get Order Sets','Able to get order sets','d62e9141-3717-457b-bd8a-4657053fac25'),('Get Order Types','Able to get order types','d05118c6-2490-4d78-a41a-390e3596a233'),('Get Orders','Able to get orders','d05118c6-2490-4d78-a41a-390e3596a241'),('Get Patient Cohorts','Able to get patient cohorts','d05118c6-2490-4d78-a41a-390e3596a242'),('Get Patient Identifiers','Able to get patient identifiers','d05118c6-2490-4d78-a41a-390e3596a243'),('Get Patient Programs','Able to get which programs that patients are in','d05118c6-2490-4d78-a41a-390e3596a227'),('Get Patients','Able to get patients','d05118c6-2490-4d78-a41a-390e3596a244'),('Get People','Able to get person objects','d05118c6-2490-4d78-a41a-390e3596a224'),('Get Person Attribute Types','Able to get person attribute types','d05118c6-2490-4d78-a41a-390e3596a225'),('Get Privileges','Able to get user privileges','d05118c6-2490-4d78-a41a-390e3596a236'),('Get Problems','Able to get problems','d05118c6-2490-4d78-a41a-390e3596a221'),('Get Programs','Able to get patient programs','d05118c6-2490-4d78-a41a-390e3596a228'),('Get Providers','Able to get Providers','d05118c6-2490-4d78-a41a-390e3596a211'),('Get Relationship Types','Able to get relationship types','d05118c6-2490-4d78-a41a-390e3596a232'),('Get Relationships','Able to get relationships','d05118c6-2490-4d78-a41a-390e3596a223'),('Get Roles','Able to get user roles','d05118c6-2490-4d78-a41a-390e3596a235'),('Get Users','Able to get users in OpenMRS','d05118c6-2490-4d78-a41a-390e3596a249'),('Get Visit Attribute Types','Able to get visit attribute types','d05118c6-2490-4d78-a41a-390e3596a213'),('Get Visit Types','Able to get visit types','d05118c6-2490-4d78-a41a-390e3596a215'),('Get Visits','Able to get visits','d05118c6-2490-4d78-a41a-390e3596a214'),('Manage Address Hierarchy','Allows user to access/modify the defined address hierarchy','d9e5bcc7-861b-443b-bb71-963de735b26e'),('Manage Address Templates','Able to add/edit/delete address templates','fcead21f-2eef-4b36-a327-de1eb54e96a9'),('Manage Alerts','Able to add/edit/delete user alerts','a9f4f90c-768f-11e9-8ea1-fa163e701d7a'),('Manage Appointment Types','Ability to add/edit/purge appointment types','d1ad1134-b3da-4530-88b3-700cd51dee54'),('Manage Appointments Settings','Ability to manage the appointment scheduling module settings','9ef7b6c0-3b49-4cb2-82a1-b5338d929fdf'),('Manage Atlas Data','Allows user to set/update/delete atlas data','49dbbc9c-c3d8-4bf7-9039-efaff3203384'),('Manage Auto Generation Options','Allows user add, edit, and remove auto-generation options','873f017d-230e-4626-b152-1001ca58398e'),('Manage Cohort Definitions','Add/Edit/Remove Cohort Definitions','4ce699dd-7ba2-4392-b840-b4f9f0ad7b9f'),('Manage Concept Attribute Types','Able to add/edit/retire concept attribute types','c91985e2-7b54-4ab1-bc81-e06e956da3a9'),('Manage Concept Classes','Able to add/edit/retire concept classes','a9f4f980-768f-11e9-8ea1-fa163e701d7a'),('Manage Concept Datatypes','Able to add/edit/retire concept datatypes','a9f4f9f2-768f-11e9-8ea1-fa163e701d7a'),('Manage Concept Map Types','Able to add/edit/retire concept map types','bf013e12-880b-4647-a50a-2f63e6215e7c'),('Manage Concept Name tags','Able to add/edit/delete concept name tags','d9ab644e-2bdc-4b2c-bd2a-b75bfdae6bb8'),('Manage Concept Reference Terms','Able to add/edit/retire reference terms','29e1436d-841a-4638-8971-4c2898c987d4'),('Manage Concept Sources','Able to add/edit/delete concept sources','a9f4fa69-768f-11e9-8ea1-fa163e701d7a'),('Manage Concept Stop Words','Able to view/add/remove the concept stop words','3d9909a6-687f-4cb8-b5af-f89135c6e8a4'),('Manage Concepts','Able to add/edit/delete concept entries','a9f4fae1-768f-11e9-8ea1-fa163e701d7a'),('Manage Data Set Definitions','Add/Edit/Remove Data Set Definitions','5ed33f99-16af-46ab-90c3-5e862268de3d'),('Manage Dimension Definitions','Add/Edit/Remove Dimension Definitions','707edec2-0225-4b49-9840-f98e49613bfa'),('Manage Encounter Roles','Able to add/edit/retire encounter roles','e9da4bfd-e10f-41f4-8e47-8b99e3da66e7'),('Manage Encounter Types','Able to add/edit/delete encounter types','a9f4fb59-768f-11e9-8ea1-fa163e701d7a'),('Manage Field Types','Able to add/edit/retire field types','a9f4fbcd-768f-11e9-8ea1-fa163e701d7a'),('Manage FormEntry XSN','Allows user to upload and edit the xsns stored on the server','a9f4fc3d-768f-11e9-8ea1-fa163e701d7a'),('Manage Forms','Able to add/edit/delete forms','a9f4fcb5-768f-11e9-8ea1-fa163e701d7a'),('Manage Global Properties','Able to add/edit global properties','a9f4fd2a-768f-11e9-8ea1-fa163e701d7a'),('Manage HL7 Messages','Able to add/edit/delete HL7 messages','68545abd-5450-437d-9a43-e7d552aea8d6'),('Manage Identifier Sources','Allows user add, edit, and remove identifier sources','a7b3a03e-14c3-4ed9-8c0a-526dbfe3c229'),('Manage Identifier Types','Able to add/edit/delete patient identifier types','a9f4fda0-768f-11e9-8ea1-fa163e701d7a'),('Manage Implementation Id','Able to view/add/edit the implementation id for the system','48964dca-f962-40e9-a035-0b42c29fbe0f'),('Manage Indicator Definitions','Add/Edit/Remove Indicator Definitions','2028d4b3-8b85-468a-8fb2-c1e7dff77f85'),('Manage Location Attribute Types','Able to add/edit/retire location attribute types','fdf9e497-9e59-43bb-94d1-81f1d3a6f67b'),('Manage Location Tags','Able to add/edit/delete location tags','b10f9875-00f5-4ccd-b898-abd236857250'),('Manage Locations','Able to add/edit/delete locations','a9f4fe10-768f-11e9-8ea1-fa163e701d7a'),('Manage Metadata Mapping','Able to manage metadata mappings','dec299e9-82b2-4c4e-b5bd-83e911db2beb'),('Manage Modules','Able to add/remove modules to the system','a9f4fe82-768f-11e9-8ea1-fa163e701d7a'),('Manage Order Frequencies','Able to add/edit/retire Order Frequencies','47797b9b-4c27-43fe-9917-8240c3f5b039'),('Manage Order Sets','Able to manage order sets','578e4ee4-0b0b-444b-b221-75d756b1b3cd'),('Manage Order Types','Able to add/edit/retire order types','a9f4fef4-768f-11e9-8ea1-fa163e701d7a'),('Manage OWA','Allows to configure OWA module, upload modules','d8f6fcb3-9da5-4573-9777-235d6c4cba09'),('Manage Person Attribute Types','Able to add/edit/delete person attribute types','a9f4ff65-768f-11e9-8ea1-fa163e701d7a'),('Manage Privileges','Able to add/edit/delete privileges','a9f4ffdc-768f-11e9-8ea1-fa163e701d7a'),('Manage Programs','Able to add/view/delete patient programs','a9f50050-768f-11e9-8ea1-fa163e701d7a'),('Manage Provider Schedules','Ability to add/edit/purge appointment blocks','9e2c89d3-f328-4123-bc1e-2bdb1355f868'),('Manage Providers','Able to edit Provider','1c1dc859-b850-4356-954a-4106e8f91865'),('Manage Relationship Types','Able to add/edit/retire relationship types','a9f500c4-768f-11e9-8ea1-fa163e701d7a'),('Manage Relationships','Able to add/edit/delete relationships','a9f50139-768f-11e9-8ea1-fa163e701d7a'),('Manage Report Definitions','Add/Edit/Remove Report Definitions','3aaf218b-d9fe-4622-9e33-008ec4363c78'),('Manage Report Designs','Add/Edit/Remove Report Designs','a0dcca81-32e3-47b8-89ec-9c7feedee3e8'),('Manage Reports','Base privilege for add/edit/delete reporting definitions. This gives access to the administrative menus, but you need to grant additional privileges to manage each specific type of reporting definition','c014810a-7cd3-4690-b14d-9b908a522cdd'),('Manage RESTWS','Allows to configure RESTWS module','eefa3df7-8753-4bc7-8ade-b3cff609ecc3'),('Manage Roles','Able to add/edit/delete user roles','a9f5023c-768f-11e9-8ea1-fa163e701d7a'),('Manage Scheduled Report Tasks','Manage Task Scheduling in Reporting Module','f2c483f8-7e6b-4815-affe-ed97348bedb0'),('Manage Scheduler','Able to add/edit/remove scheduled tasks','a9f502d1-768f-11e9-8ea1-fa163e701d7a'),('Manage Search Index','Able to manage the search index','f327ea54-59c2-452f-8938-420cc09b329e'),('Manage synonym group','Ability to manage synonym group','cc44c07d-4380-4b27-9439-0684b854745f'),('Manage Synonym Groups','Ability to manage synonym groups','4d49904b-0faa-43dd-a90f-511c01b0d65f'),('Manage Token Registrations','Allows to create/update/delete token registrations','37449889-f505-425b-a509-3d08132d8982'),('Manage Visit Attribute Types','Able to add/edit/retire visit attribute types','0a1a21ae-a5ac-4eb1-a02e-3a8093561716'),('Manage Visit Types','Able to add/edit/delete visit types','7d41caec-bf25-45ef-b717-b44419451997'),('Patient Dashboard - View Chart Search Section','Ability view Chart Search Section in Patient Dashboard','e965361e-554b-41af-9821-3ef3033ff80b'),('Patient Dashboard - View Demographics Section','Able to view the \'Demographics\' tab on the patient dashboard','a9f50346-768f-11e9-8ea1-fa163e701d7a'),('Patient Dashboard - View Encounters Section','Able to view the \'Encounters\' tab on the patient dashboard','a9f503cc-768f-11e9-8ea1-fa163e701d7a'),('Patient Dashboard - View Forms Section','Allows user to view the Forms tab on the patient dashboard','a9f5044c-768f-11e9-8ea1-fa163e701d7a'),('Patient Dashboard - View Graphs Section','Able to view the \'Graphs\' tab on the patient dashboard','a9f504cc-768f-11e9-8ea1-fa163e701d7a'),('Patient Dashboard - View Overview Section','Able to view the \'Overview\' tab on the patient dashboard','a9f50583-768f-11e9-8ea1-fa163e701d7a'),('Patient Dashboard - View Patient Summary','Able to view the \'Summary\' tab on the patient dashboard','a9f50602-768f-11e9-8ea1-fa163e701d7a'),('Patient Dashboard - View Regimen Section','Able to view the \'Regimen\' tab on the patient dashboard','a9f5067f-768f-11e9-8ea1-fa163e701d7a'),('Patient Overview - View Allergies','Able to view the Allergies portlet on the patient overview tab','d05118c6-2490-4d78-a41a-390e3596a261'),('Patient Overview - View Patient Actions','Able to view the Patient Actions portlet on the patient overview tab','d05118c6-2490-4d78-a41a-390e3596a264'),('Patient Overview - View Problem List','Able to view the Problem List portlet on the patient overview tab','d05118c6-2490-4d78-a41a-390e3596a260'),('Patient Overview - View Programs','Able to view the Programs portlet on the patient overview tab','d05118c6-2490-4d78-a41a-390e3596a263'),('Patient Overview - View Relationships','Able to view the Relationships portlet on the patient overview tab','d05118c6-2490-4d78-a41a-390e3596a262'),('Provider Management - Admin','Allows access to admin pages of the provider management module','8b8e19ac-0e6c-45bd-a291-c06a615c619b'),('Provider Management API','Allows access to all provider management service and provider suggestion service API method','95e47913-fdca-42d7-8a8d-4bfc6e337246'),('Provider Management API - Read-only','Allows access to all provider management service and provider suggestion service API methods that are read-only','a454477c-c00e-4d95-8544-1d627c9a6ebc'),('Provider Management Dashboard - Edit Patients','Allows access to editing patient information on the provider management dashboard','5d2bad64-6c7f-4a5c-900d-93f9bf9cb328'),('Provider Management Dashboard - Edit Providers','Allows access to editing provider information on the provider management dashboard','f5e18af9-790f-44fd-ba83-22a00a09facc'),('Provider Management Dashboard - View Historical','Allows access to viewing historical patient (if user has view patients right) and supervisee information on the provider management dashboard','461ba610-4341-43f7-8d76-5d958c12e402'),('Provider Management Dashboard - View Patients','Allows access to viewing patient information on the provider management dashboard','b3f9e795-f05b-43cd-96de-0c51be0ca4f7'),('Provider Management Dashboard - View Providers','Allows access to viewing provider information on the provider management dashboard','4b822348-7b56-4752-8f5a-ef43ab32147c'),('Purge Field Types','Able to purge field types','a9f5070b-768f-11e9-8ea1-fa163e701d7a'),('Remove Allergies','Remove allergies','72161b9c-db32-4d1a-b343-17a509a2e4ab'),('Remove Problems','Remove problems','6027f564-2a49-4a88-9546-1a9326a78bbe'),('Request Appointments','Ability to request new appointments','df2d216d-7187-4777-a71d-782da2fb45fb'),('Run Chart Search commands','Ability to run Solr commands','38cdb0ec-b70b-44f8-9108-4b514799a4d4'),('Run Reports','Schedule the running of a report','980399d6-e50f-4a83-a297-eb1cf2647b1d'),('Schedule Appointments','Ability to schedule new appointments','390e37ea-1d7d-43de-a3c3-b18a900f9d74'),('Share Metadata','Allows user to export and import metadata','9cb9941c-9c39-4378-8a85-8f9ccadccc92'),('Squeezing Appointments','Ability to override the constraints and schedule appointments into full slots','55aa2b7e-3c4c-4ebc-abf8-82dadd57f529'),('Task: appointmentschedulingui.bookAppointments','Ability book appointments, cancel appointments, and flag appointments as needs reschedule; Access to the Manage Rescheduled app','b173810d-b1b4-45c3-9660-8db87914511b'),('Task: appointmentschedulingui.overbookAppointments','Ability to overbook time slots','3ba73f55-c3b3-4473-ab24-e3e5fcc0d0ef'),('Task: appointmentschedulingui.requestAppointments','Ability to request an appointment for a patient','d49c0dca-608b-4dcd-8b96-a4f8935e2cc3'),('Task: appointmentschedulingui.viewConfidential','Ability to see details of confidential appointments (you also need View Appointments privileges)','af293b06-913d-406e-8a35-ea3fc1dac64b'),('Task: coreapps.createRetrospectiveVisit','Able to create a retrospective visit','acfcd9b2-3465-4011-b6a3-38646780bd67'),('Task: coreapps.createVisit','Able to create a visit','e3d7d10f-347c-4803-a3da-776324abeeed'),('Task: coreapps.deletePatient','Able to delete a patient','db94c2e4-5627-4f16-9437-9b2003699a32'),('Task: coreapps.deletePatientProgram','Ability to delete a patient program via the program status widget','68a68b2e-28e8-4d61-b6b4-60b9e8f9f94c'),('Task: coreapps.editPatientProgram','Ability to edit a patient program via the program status widget','20e0decc-07f1-4cc6-a803-2a6b109ba0c6'),('Task: coreapps.editRelationships','Able to edit relationships','c84520f5-5b79-4efd-85c4-7b8f4595b889'),('Task: coreapps.endVisit','Able to end visit','4dbdedd4-11f8-49b7-97bf-bb7bec6717a2'),('Task: coreapps.enrollInProgram','Ability to enroll a patient in a program via the program status widget','f8aa92cc-83c2-4902-9166-e0a1b27f200d'),('Task: coreapps.markPatientDead','Ability to Mark a patient dead/deceased.','52594590-0c8b-4a3e-8bcd-8447ee4b0078'),('Task: coreapps.mergeVisits','Able to merge visits','65cf2d6f-d734-4143-ae55-2fe97eadff42'),('Task: emr.patient.encounter.delete','Able to delete patient encounters','e5b392d7-6a66-46c6-a6b7-5c230cf5a0a6'),('Task: emr.patient.encounter.edit','Able to edit patient encounters','e154511e-68c1-4d69-8779-f8c3e11f9227'),('Task: Manage Condition Lists','Able to activate/inactivate/void condition lists.','6164a997-fda3-4951-bb73-591d7c9c2847'),('Task: Modify Allergies','Able to record allergies','5c35e47e-2e19-4038-8c05-5104d4b34425'),('Task: referenceapplication.simpleAdmission','Able to admit patients','4948f6ef-8e7b-48d1-9f79-44fb3bb60292'),('Task: referenceapplication.simpleDischarge','Able to discharge patients','61b444a5-b3ae-46e9-ad1e-529d0dd0681c'),('Task: referenceapplication.simpleTransfer','Able to transfer patients','4b5401c9-f2d0-49ec-8dde-20844248ed52'),('Task: referenceapplication.simpleVisitNote','Able to write clinical notes','25832c4b-4ad5-49e7-bce7-8050f20e0a21'),('Task: referenceapplication.vitals','Able to enter vitals','19f40221-0189-4c55-b033-383bb2fa11e1'),('Update Appointment Status','Ability to modify appointment states','b119a8fe-0a9f-4218-95d5-94c9d5f6c731'),('Update HL7 Inbound Archive','Able to update an HL7 archive item','e12575fa-c9b8-4db8-be79-fd80d7478f2d'),('Update HL7 Inbound Exception','Able to update an HL7 archive item','14861056-6886-4200-b347-f0220e782429'),('Update HL7 Inbound Queue','Able to update an HL7 Queue item','aca772c6-d1f2-46de-9b6c-ab4a01234612'),('Update HL7 Source','Able to update an HL7 Source','b8d2557b-97a4-4ab7-871d-451e6ba053f2'),('Upload Batch of Identifiers','Allows user to upload a batch of identifiers','51a029cb-9c96-4183-9ae0-a1f881dade58'),('Upload XSN','Allows user to upload/overwrite the XSNs defined for forms','a9f50789-768f-11e9-8ea1-fa163e701d7a'),('View Administration Functions','Able to view the \'Administration\' link in the navigation bar','a9f507fd-768f-11e9-8ea1-fa163e701d7a'),('View Allergies','Able to view allergies in OpenMRS','a9f50874-768f-11e9-8ea1-fa163e701d7a'),('View Appointment Types','Ability to view appointment types','7a807b24-7cc3-4ec7-a448-8da8be403a3d'),('View Appointments','Ability to view appointments','3e66e198-6396-43e2-9028-5bf03d340a8f'),('View Appointments Blocks','Ability to view the appointment blocks','a5a87284-81c4-4d70-b457-28bf2433715e'),('View Appointments Statistics','Ability to view the appointments statistics page','c547c97a-1c0c-43a4-983d-50acf7908438'),('View Calculations','Allows to view Calculations','97126eee-1312-42da-a72b-eddb1d525138'),('View Concept Classes','Able to view concept classes','a9f50aac-768f-11e9-8ea1-fa163e701d7a'),('View Concept Datatypes','Able to view concept datatypes','a9f50b31-768f-11e9-8ea1-fa163e701d7a'),('View Concept Proposals','Able to view concept proposals to the system','a9f50baf-768f-11e9-8ea1-fa163e701d7a'),('View Concept Sources','Able to view concept sources','a9f50c29-768f-11e9-8ea1-fa163e701d7a'),('View Concepts','Able to view concept entries','a9f50ca0-768f-11e9-8ea1-fa163e701d7a'),('View Data Entry Statistics','Able to view data entry statistics from the admin screen','a9f50d17-768f-11e9-8ea1-fa163e701d7a'),('View Encounter Types','Able to view encounter types','a9f50d8c-768f-11e9-8ea1-fa163e701d7a'),('View Encounters','Able to view patient encounters','a9f50e05-768f-11e9-8ea1-fa163e701d7a'),('View FHIR Client','Gives access to FHIR rest client','5011d712-26e3-41d5-be92-d12ee98e8505'),('View Field Types','Able to view field types','a9f50e7a-768f-11e9-8ea1-fa163e701d7a'),('View Forms','Able to view forms','a9f50eef-768f-11e9-8ea1-fa163e701d7a'),('View Global Properties','Able to view global properties on the administration screen','a9f50f62-768f-11e9-8ea1-fa163e701d7a'),('View Identifier Types','Able to view patient identifier types','a9f50fdb-768f-11e9-8ea1-fa163e701d7a'),('View Locations','Able to view locations','a9f51050-768f-11e9-8ea1-fa163e701d7a'),('View Metadata Via Mapping','Able to view metadata via a mapping','9e8cce51-9acf-416e-98ff-7a8b327c5f24'),('View Navigation Menu','Ability to see the navigation menu','a9f510c2-768f-11e9-8ea1-fa163e701d7a'),('View Observations','Able to view patient observations','a9f51139-768f-11e9-8ea1-fa163e701d7a'),('View Order Types','Able to view order types','a9f511ae-768f-11e9-8ea1-fa163e701d7a'),('View Orders','Able to view orders','a9f51223-768f-11e9-8ea1-fa163e701d7a'),('View Patient Appointment History','Ability to view the appointment history tab on the patient\'s dashboard','9e025193-4770-47d9-a335-1a2d3a79d72a'),('View Patient Cohorts','Able to view patient cohorts','a9f51298-768f-11e9-8ea1-fa163e701d7a'),('View Patient Identifiers','Able to view patient identifiers','a9f51310-768f-11e9-8ea1-fa163e701d7a'),('View Patient Programs','Able to see which programs that patients are in','a9f5138e-768f-11e9-8ea1-fa163e701d7a'),('View Patients','Able to view patients','a9f51404-768f-11e9-8ea1-fa163e701d7a'),('View People','Able to view person objects','a9f5147b-768f-11e9-8ea1-fa163e701d7a'),('View Person Attribute Types','Able to view person attribute types','a9f514f3-768f-11e9-8ea1-fa163e701d7a'),('View Privileges','Able to view user privileges','a9f5156a-768f-11e9-8ea1-fa163e701d7a'),('View Problems','Able to view problems in OpenMRS','a9f515df-768f-11e9-8ea1-fa163e701d7a'),('View Programs','Able to view patient programs','a9f51655-768f-11e9-8ea1-fa163e701d7a'),('View Provider Schedules','Ability to View Provider Schedules','f3bbce95-a221-44a4-9e56-75b4153737df'),('View Relationship Types','Able to view relationship types','a9f51744-768f-11e9-8ea1-fa163e701d7a'),('View Relationships','Able to view relationships','a9f517ca-768f-11e9-8ea1-fa163e701d7a'),('View Report Objects','Able to view report objects','a9f51842-768f-11e9-8ea1-fa163e701d7a'),('View Reports','Able to view reports','a9f518b9-768f-11e9-8ea1-fa163e701d7a'),('View RESTWS','Gives access to RESTWS in administration','35bcbb52-d5f9-42dc-950a-4517ca703ef9'),('View Roles','Able to view user roles','a9f51930-768f-11e9-8ea1-fa163e701d7a'),('View Token Registrations','Allows to view token registrations','9f357e2e-dd3d-4d94-9b48-734c40fd852b'),('View Unpublished Forms','Able to view and fill out unpublished forms','a9f519a6-768f-11e9-8ea1-fa163e701d7a'),('View Users','Able to view users in OpenMRS','a9f51a22-768f-11e9-8ea1-fa163e701d7a');
/*!40000 ALTER TABLE `privilege` ENABLE KEYS */;
UNLOCK TABLES;

--
-- Table structure for table `role`
--

DROP TABLE IF EXISTS `role`;
/*!40101 SET @saved_cs_client     = @@character_set_client */;
 SET character_set_client = utf8mb4 ;
CREATE TABLE `role` (
  `role` varchar(50) NOT NULL DEFAULT '',
  `description` varchar(255) DEFAULT NULL,
  `uuid` varchar(100) NOT NULL DEFAULT '123',
  `role_key` varchar(100) DEFAULT NULL,
  PRIMARY KEY (`role`),
  UNIQUE KEY `role_uuid_index` (`uuid`)
) ENGINE=InnoDB DEFAULT CHARSET=utf8;
/*!40101 SET character_set_client = @saved_cs_client */;

--
-- Dumping data for table `role`
--

LOCK TABLES `role` WRITE;
/*!40000 ALTER TABLE `role` DISABLE KEYS */;
INSERT INTO `role` VALUES ('Application: Configures Appointment Scheduling','Gives user the ability to add and edit appointment types','a9f94ea9-3ef0-466c-8ee6-d569cc9fbd0f','1222d647033779bea76d802b9b5fd0eb'),('Application: Configures Forms','Manages forms and attaches them to the UI','662a8141-82fa-49e0-85f2-f994b36be144','2f8d2ad4aeeddfc3276d90128e490a2a'),('Application: Configures Metadata','Access to Configure Metadata app','d312e6e7-15f1-44b6-98fd-a90214a7d3ac','c610661935aa5f4bdb7ba0286d243ec3'),('Application: Edits Existing Encounters','Gives user the ability to edit patient encounter','4c5bdbc0-c570-4ad4-8bb3-ba578a402829','7342897e24be45aa8e64fab9eec6a2f2'),('Application: Enters ADT Events','Enters ADT events','2b64657e-a86f-4997-82d8-94dee73b835a','ae3fc8214d054f16b623f8febf7a94df'),('Application: Enters Vitals','Enters vitals','2185ae14-568d-446b-9f4b-b22aada4ed16','d47a4ac710d3cef9b386d1fe2f3b8317'),('Application: Has Super User Privileges','Extends the underlying System Developer API role','964e5aacaf721fdfddd1660cecb9833b','036b0c6f75c5aefc1a20d29172e5be3d'),('Application: Manages Atlas','Can configure whether/how this implementation is displayed on the OpenMRS Atlas','fa5434e7-272a-495c-97f5-1d9329d76fb3','7cc21a9fcae272bdb168cc2eb7d5dcf4'),('Application: Manages Provider Schedules','Gives user ability to add and edit provider schedules','127ed718-d21a-4e8a-bd48-f529c471f57c','c6ceb80ccd4ba780bf84ee92b920083c'),('Application: Records Allergies','Records and edits allergies','152ff10f-d68e-49fa-a036-d9d78d026c64','c41e5e8644fb77be5946c0330b9c9918'),('Application: Registers Patients','Registers patients','87f766ae-e3e3-484e-8cbb-26f736fdf4c3','4408c9ef2da3316230d3873aab3f9c79'),('Application: Requests Appointments','Gives user the ability to request appointments)','67730f3a-f378-4ceb-ab0d-fdf7f0b69757','d60a5a1ace798f5c49f1d84a1d68ec09'),('Application: Schedules And Overbooks Appointments','Gives user the ability to overbook appointments(In addition to being able to view appointment requests, view and schedule appointments)','2372127e-3862-4b35-aa47-a68eb4c07a6c','53b274e8f5693bb7c77114fe442dc396'),('Application: Schedules Appointments','Gives user the ability to view appointment requests, view and schedule appointments','7e6da1d2-338f-45fb-a15e-3d196519ffd2','cff948e973ba0f695e3c02cbb4656346'),('Application: Sees Appointment Schedule','Gives user the ability to view appointment schedules (but not to modify them)','62dad0ae-04ef-468d-bb6f-66d2afddbf0c','e183c100726d89b6d1c17d7390585a56'),('Application: Uses Capture Vitals App','Uses capture vitals app','ddd8a6c4-fc58-4f87-ac43-8ae4b580ee1a','a309d06c9402c3a4f9d2e0ba35120fde'),('Application: Uses Patient Summary','Uses patient summary','7f8db415-ecef-4eac-b2da-f3238a252ce0','2c39f4c02fc3751dd7d6ddf0c7ea1db5'),('Application: Writes Clinical Notes','Writes clinical notes','91b07d56-1a3b-4813-91a9-e5ac9408c4b7','1634ecb099c9839c6af0a115c5fc2926'),('Authenticated','Privileges gained once authentication has been established.','f226401ae7a6bfeef58b0ef635567497','097bf7d55216a111fd46bb940fdb0df8'),('Clinician','Privileges for doctors','aa031a4d-768f-11e9-8ea1-fa163e701d7a','e836867a6982dc1b5b8171a6ffa239cb'),('Data Assistant','Privileges for data-entry operators.','aa031af6-768f-11e9-8ea1-fa163e701d7a','7da3ad0ba11c6fc44cb007f891e7afab'),('Data Manager','Privileges for user who manage data entered by data-entry operators','4aa9d9516149efa0a241bf6a35d4d52d','34b5ab33274ea19f51e11692c7a32e2a'),('Organizational: Doctor','Doctor','15fe514c362f5d8314815e8d5d5ac4dc','85aba534a20215034828e390c9f507b6'),('Organizational: Hospital Administrator','Hospital Administrator','8636bcf0-a32b-4151-bf07-ed6c8d37db7c','fe83669d1323ad974c1f2e30fb54486d'),('Organizational: Nurse','Nurse','99e52086b2c4d04d94a49edf8b3031bf','277c179b4ab0142bea442e4ee3111711'),('Organizational: Registration Clerk','Registration Clerk','14d16fb8-3cc3-46c1-810a-a3585d2d0765','2c779f48329d98c7a7886cb22a6848ca'),('Organizational: System Administrator','System Administrator','0ae35276ac876e786266fdd37b264982','3ad9ddc70920cd34cb5d131ca23e28dc'),('Privilege Level: Full','A role that has all API privileges','ab2160f6-0941-430c-9752-6714353fbd3c','996e8eb64a0ecd9845d20e31bed2656b'),('Privilege Level: High','A role that has all API privileges except administrative privileges with security implications','f089471c-e00b-468e-96e8-46aea1b339af','fc191c62086bbff65eae25e273204625'),('Provider','All users with the \'Provider\' role will appear as options in the default Infopath ','8d94f280-c2cc-11de-8d13-0010c6dffd0f','72e4f5a53ad7b14ce8b627f27d1f8342'),('System Developer','Developers of the OpenMRS .. have additional access to change fundamental structure of the database model.','f191bbf483c46e7e1a046c5f6946a25e','d9fcf2dfd1a22e7a3a3bd2293bc9d18a'),('test','test','64dc0523cf656268e05f89defa3998f6','c9a769050820ea474d55f64aa4adb189');
/*!40000 ALTER TABLE `role` ENABLE KEYS */;
UNLOCK TABLES;

--
-- Table structure for table `role_roletesttwo`
--

DROP TABLE IF EXISTS `role_roletesttwo`;
/*!40101 SET @saved_cs_client     = @@character_set_client */;
 SET character_set_client = utf8mb4 ;
CREATE TABLE `role_roletesttwo` (
  `parent_role` varchar(50) NOT NULL DEFAULT '',
  `child_role` varchar(50) NOT NULL DEFAULT '',
  `edge_key` varchar(100) DEFAULT NULL,
  `id` varchar(100) DEFAULT NULL,
  `edge_secret` varchar(40) DEFAULT NULL,
  KEY `parent_role` (`parent_role`),
  KEY `child_role` (`child_role`),
  CONSTRAINT `role_roletesttwo_ibfk_1` FOREIGN KEY (`parent_role`) REFERENCES `role` (`role`),
  CONSTRAINT `role_roletesttwo_ibfk_2` FOREIGN KEY (`child_role`) REFERENCES `role` (`role`)
) ENGINE=InnoDB DEFAULT CHARSET=utf8;
/*!40101 SET character_set_client = @saved_cs_client */;

--
-- Dumping data for table `role_roletesttwo`
--

LOCK TABLES `role_roletesttwo` WRITE;
/*!40000 ALTER TABLE `role_roletesttwo` DISABLE KEYS */;
INSERT INTO `role_roletesttwo` VALUES ('Application: Configures Appointment Scheduling','Organizational: Hospital Administrator','d75b4c64a2b46752014db11e91c6e557e695b4975d1e2b2799b74aaad782fa25',NULL,'ab8aed99ea6a8ebf04b7cd10ebe51803'),('Application: Configures Appointment Scheduling','Organizational: System Administrator','e94df24ea5700d8f2e264f3e39b7f5e37de1f5f18b9fb9c3cc2bdc7b164a192e',NULL,'3f545ddc4faa01de83e8870b8e249b19'),('Application: Configures Forms','Organizational: System Administrator','ef2113bf511d0ba051df1674e1f0f233062e5507393039dfca48eb71d157745f',NULL,'883fd6dc7f02fdffc6101561b07e338a'),('Application: Configures Metadata','Organizational: System Administrator','5f75c45b911f97f81aad75d853a6d53273b7be76e55257d11c8dbb4bcc9dac1e',NULL,'7e9ae9c49b4035fff5e5339bc1f3002e'),('Application: Enters ADT Events','Organizational: Doctor','036d96d92b070e7defee7ebe2f9c98cdf5d5fae521ac25bc685d5855e2237584',NULL,'4f9e67a4ee6c9907733ed4da6b20c0ab'),('Application: Enters ADT Events','Organizational: Nurse','daea3fa5cf8c8644a3ccbe14993f0ae9f8975306ff38485243a3bced0d247dc0',NULL,'923e60c43943993de4b49c26e70df868'),('Application: Enters Vitals','Organizational: Nurse','0eb41a6384b315ee057a3573374a30efccb646e2b24821623a0f74fbec3c9acc',NULL,'d9d26ce5cecdc7c06d1653fc73f470d2'),('Application: Manages Atlas','Organizational: System Administrator','c015c466422dfb818cbe2977d7c64719405b46a07b19ba73e1f4f8dccba68a25',NULL,'50ce3b83a9ad5f324dfa8355cac15b90'),('Application: Manages Provider Schedules','Organizational: Hospital Administrator','0a33df2851e13752f94dcac83e1dec0064754faf6a433b92cb51975cbed152c9',NULL,'2f88ee01eb9e358d626e3b828c1b2fc4'),('Application: Manages Provider Schedules','Organizational: System Administrator','a96e03fef782adf454759fc3818a88d536879940dc369e8a89a456204c353827',NULL,'c4b30188748a79a61e96164395339e16'),('Application: Records Allergies','Organizational: Doctor','bb303fe8532f481587cfe273837d80d33b281e71ef68c2f6b84cb4270cb5f4a9',NULL,'751649ff376918919a8c61a6db7e85ad'),('Application: Records Allergies','Organizational: Nurse','5eb51bbd93c0c3dd9a44e3df7ae307d44cc2df772d7a72b1a0d727341d3b84a2',NULL,'f136d290404c261f91efbfb9c99d2055'),('Application: Registers Patients','Organizational: Registration Clerk','18b846d5ddd2f96c18a739eaf1a1faa5f5a798a6cdf0e5a49a6737ac8b438143',NULL,'5d249e8c61ad131261dc1968636f9e21'),('Application: Requests Appointments','Organizational: Doctor','74a08a470e15854c715fbdcc9a916812642c4b871c8f66e1b60c743c2b26f8d0',NULL,'6751af96c99e576ad1196edaaa2ce993'),('Application: Requests Appointments','Organizational: Hospital Administrator','fdf7eba72243d613862a82662ec184a79d0e3f8272db1e74d8ad7b82f0399f55',NULL,'3097e733df79d3decee33af1132b025d'),('Application: Requests Appointments','Organizational: Nurse','c49b1e59e7e0bac6e9565b59e62307700f83579a19fd88f19991c5977ea4b23a',NULL,'c1ec94eb19f1903c0706776e54a4650c'),('Application: Schedules And Overbooks Appointments','Organizational: Hospital Administrator','71f7d8b4c54131f1f0dee4970f54c33502607ab87dafdd37adf4acb55cb145ca',NULL,'f0990058b262e0fd7203738f731d4c51'),('Application: Schedules Appointments','Application: Schedules And Overbooks Appointments','3b0cb9c880a2a3c7bdef4095f97c9ae32e904e610f1bdfa9322997813eb5d76f',NULL,'184975ea94ded57ed9d8ab31455f58f9'),('Application: Schedules Appointments','Organizational: Registration Clerk','ace77baa7f0d221512bffe58335795bfb4c94e1772d8a09509ff88cfe8664503',NULL,'47951bb1190019cafbc85a110fa4d589'),('Application: Sees Appointment Schedule','Application: Schedules Appointments','88c324f664516da88e16170201db3a18eb90afafc371acdeb60f69973ad55125',NULL,'f21e3581cff066ae892fcf0ff02a4b71'),('Application: Sees Appointment Schedule','Organizational: Doctor','2f45392cda0c7d8dd5eab198c270db7c550c4c3e3f03ddf977bbeb4340847375',NULL,'547dd5051038bf3485563ceacb10b73d'),('Application: Sees Appointment Schedule','Organizational: Nurse','fd9d4d9971c3ee09f52c30b901f541f45eaba7b90d74cb811c1519799269bc27',NULL,'70c4a0392b712f822ccb78ad778c27d8'),('Application: Sees Appointment Schedule','Organizational: Registration Clerk','dd8866e8c11faf0224dce902e6c5c8cf95e5ed8316e02e402ca880ef9db41f00',NULL,'ef2377f240f4e6a1d5d28051e0b149d1'),('Application: Uses Capture Vitals App','Organizational: Nurse','1539257feb3e3391b3b4391f064098685d273690e31f136b7409e726f4e4b4cb',NULL,'a4e43a8173a431ce29f72ba61e8c81d4'),('Application: Uses Patient Summary','Organizational: Doctor','1d3158abc3d5363550880a5d6194bc46f56f3b7595cfe78f5186042611f97bf1',NULL,'ec70ed3c0f97225cdc3b123ea9d759b8'),('Application: Uses Patient Summary','Organizational: Nurse','818b7abe530e0cf949a0d1e056efa266ef9e2500e383f9fa7824c168e4a377be',NULL,'b691d0e3bc9efc78be674ec957ed7cdf'),('Application: Writes Clinical Notes','Organizational: Doctor','4ce7c7bf1fd7d73cebadefb2c31d16685b0a8a0ec6873da46d414f2e4f739e7e',NULL,'5045f913dad9978a2147d4e9fa10833d'),('Privilege Level: High','Application: Configures Appointment Scheduling','dbb0c0f8c64dfbf0627a81730564f0419d748f8251e21e556978271bed704c67',NULL,'c96269f0a0045d93faaa7b44f29f5a23'),('Privilege Level: High','Application: Configures Forms','006dc0cce313825c592e2e6b320be4e735d870d9c504bffe51ee5d7662abea50',NULL,'80446071bbf3d99e5fc25373745d0108'),('Privilege Level: High','Application: Configures Metadata','3d708c2a7550a89d9a309c8c7bdf0a7e21458fd96f9faf09f89bbd355fe06b25',NULL,'de133ca3979d0f35c297b91b3202cdd5'),('Privilege Level: High','Application: Edits Existing Encounters','9837a6b2a7841011ff196ace70867a342b44c7c6bef55fd727d68c939eb7c0bb',NULL,'2af0e2783b2f4ed99e0a32fbbdf46132'),('Privilege Level: High','Application: Enters ADT Events','a0bde4f575d540f8dc68a1c642f6299aeeec1a63317106ab1677d6894565a6fe',NULL,'724c735677c39a7d6a6c1160c0dc0293'),('Privilege Level: High','Application: Enters Vitals','ba44086f51cefab9b89c448f02acf31fe995ab9aa2f2078c368332f925220f75',NULL,'fe3af0db1002c71121f233aa624a0a92'),('Privilege Level: High','Application: Has Super User Privileges','2e775dc76339bfab740f06d8a1a2a45eae7d5cf3a8b2eb07f2edb8a1c5b2a544',NULL,'b1a2c4a523aed49f5f77b9fd7c63d15b'),('Privilege Level: High','Application: Manages Atlas','a595781e279c500d4b2dc3f81b534a8c79e2fe04c36229161f28b2b2d1814e71',NULL,'6845b45b5a420d99f234120476ba65fe'),('Privilege Level: High','Application: Manages Provider Schedules','691282af7e9c9f6b89d2315314efc1ba2b135554928e02a6200638af80b9ffed',NULL,'3a33ee1fa20b510fd29f74ad30905d68'),('Privilege Level: High','Application: Records Allergies','297537ac67b96c168f852bad4b9be310a43378de8bef2b019748ef049a839aa1',NULL,'334249129c5eb8fac346b1b8c9e84e3a'),('Privilege Level: High','Application: Registers Patients','28b34eafe0cb4f3ada85fc3868d9e8885fee7868a0b92ceb77f443ce063351bf',NULL,'1635642b5c6f2bbf188f1d079a3786bb'),('Privilege Level: High','Application: Requests Appointments','b242042b0a29b70d9721dc8f81e059aab8ef6ed4161755190716baaa376816ae',NULL,'ac8a00451ea1e6cae6257d3af23eec79'),('Privilege Level: High','Application: Schedules And Overbooks Appointments','0d0291eea7faffde5095d783a2bbac0ef41f0e71b98ae3cd73b23148a0659236',NULL,'65d923f5bde43b74faa806db2dd3ba34'),('Privilege Level: High','Application: Schedules Appointments','f10cade07bd24588f75a902bfb13a34326d8733d72f486d61fe1020fa80a928c',NULL,'457b6f12e025e32bd53d721b2f70a9ba'),('Privilege Level: High','Application: Sees Appointment Schedule','44dcf4796330f20cbf2fbc60c215f5cdbb6678608d8b82d7ff7c610bc4842da0',NULL,'dcbb2363c96156ee135a6e29f3fdf835'),('Privilege Level: High','Application: Uses Capture Vitals App','60856c63338a5382a6ea743e05dd30ab222733e609b46f44b50a571626f1fe24',NULL,'cea7410a0481b19d4528699ed1697dfb'),('Privilege Level: High','Application: Uses Patient Summary','5741879c127296077e4aac7053dee3261992a2e17a8720c55082669ce7d075f0',NULL,'3b423e6a6c0d08136075f2bff9fc87b4'),('Privilege Level: High','Application: Writes Clinical Notes','00ced7412c1a4a32528466f6c616108a0da6496294b9a945a568183ce1c86f20',NULL,'63d22f30cbdf8c3b31395df2d574239e'),('Provider','Clinician','54cf94e76b5fde79a00a53f352a01a6889a25a30cc3c971930d9ba416c534aad',NULL,'c43c69b0d77c6c20cddf2a741464c987'),('System Developer','Application: Has Super User Privileges','faa79f1411fc348ee96635a186396153fad8ec211b072add4f0d7a66b0b300b1',NULL,'1b615390260ababb0b590d965924ecfc'),('Application: Configures Appointment Scheduling','Organizational: Hospital Administrator','d75b4c64a2b46752014db11e91c6e557e695b4975d1e2b2799b74aaad782fa25',NULL,'ab8aed99ea6a8ebf04b7cd10ebe51803'),('Application: Configures Appointment Scheduling','Organizational: System Administrator','e94df24ea5700d8f2e264f3e39b7f5e37de1f5f18b9fb9c3cc2bdc7b164a192e',NULL,'3f545ddc4faa01de83e8870b8e249b19'),('Application: Configures Forms','Organizational: System Administrator','ef2113bf511d0ba051df1674e1f0f233062e5507393039dfca48eb71d157745f',NULL,'883fd6dc7f02fdffc6101561b07e338a'),('Application: Configures Metadata','Organizational: System Administrator','5f75c45b911f97f81aad75d853a6d53273b7be76e55257d11c8dbb4bcc9dac1e',NULL,'7e9ae9c49b4035fff5e5339bc1f3002e'),('Application: Enters ADT Events','Organizational: Doctor','036d96d92b070e7defee7ebe2f9c98cdf5d5fae521ac25bc685d5855e2237584',NULL,'4f9e67a4ee6c9907733ed4da6b20c0ab'),('Application: Enters ADT Events','Organizational: Nurse','daea3fa5cf8c8644a3ccbe14993f0ae9f8975306ff38485243a3bced0d247dc0',NULL,'923e60c43943993de4b49c26e70df868'),('Application: Enters Vitals','Organizational: Nurse','0eb41a6384b315ee057a3573374a30efccb646e2b24821623a0f74fbec3c9acc',NULL,'d9d26ce5cecdc7c06d1653fc73f470d2'),('Application: Manages Atlas','Organizational: System Administrator','c015c466422dfb818cbe2977d7c64719405b46a07b19ba73e1f4f8dccba68a25',NULL,'50ce3b83a9ad5f324dfa8355cac15b90'),('Application: Manages Provider Schedules','Organizational: Hospital Administrator','0a33df2851e13752f94dcac83e1dec0064754faf6a433b92cb51975cbed152c9',NULL,'2f88ee01eb9e358d626e3b828c1b2fc4'),('Application: Manages Provider Schedules','Organizational: System Administrator','a96e03fef782adf454759fc3818a88d536879940dc369e8a89a456204c353827',NULL,'c4b30188748a79a61e96164395339e16'),('Application: Records Allergies','Organizational: Doctor','bb303fe8532f481587cfe273837d80d33b281e71ef68c2f6b84cb4270cb5f4a9',NULL,'751649ff376918919a8c61a6db7e85ad'),('Application: Records Allergies','Organizational: Nurse','5eb51bbd93c0c3dd9a44e3df7ae307d44cc2df772d7a72b1a0d727341d3b84a2',NULL,'f136d290404c261f91efbfb9c99d2055'),('Application: Registers Patients','Organizational: Registration Clerk','18b846d5ddd2f96c18a739eaf1a1faa5f5a798a6cdf0e5a49a6737ac8b438143',NULL,'5d249e8c61ad131261dc1968636f9e21'),('Application: Requests Appointments','Organizational: Doctor','74a08a470e15854c715fbdcc9a916812642c4b871c8f66e1b60c743c2b26f8d0',NULL,'6751af96c99e576ad1196edaaa2ce993'),('Application: Requests Appointments','Organizational: Hospital Administrator','fdf7eba72243d613862a82662ec184a79d0e3f8272db1e74d8ad7b82f0399f55',NULL,'3097e733df79d3decee33af1132b025d'),('Application: Requests Appointments','Organizational: Nurse','c49b1e59e7e0bac6e9565b59e62307700f83579a19fd88f19991c5977ea4b23a',NULL,'c1ec94eb19f1903c0706776e54a4650c'),('Application: Schedules And Overbooks Appointments','Organizational: Hospital Administrator','71f7d8b4c54131f1f0dee4970f54c33502607ab87dafdd37adf4acb55cb145ca',NULL,'f0990058b262e0fd7203738f731d4c51'),('Application: Schedules Appointments','Application: Schedules And Overbooks Appointments','3b0cb9c880a2a3c7bdef4095f97c9ae32e904e610f1bdfa9322997813eb5d76f',NULL,'184975ea94ded57ed9d8ab31455f58f9'),('Application: Schedules Appointments','Organizational: Registration Clerk','ace77baa7f0d221512bffe58335795bfb4c94e1772d8a09509ff88cfe8664503',NULL,'47951bb1190019cafbc85a110fa4d589'),('Application: Sees Appointment Schedule','Application: Schedules Appointments','88c324f664516da88e16170201db3a18eb90afafc371acdeb60f69973ad55125',NULL,'f21e3581cff066ae892fcf0ff02a4b71'),('Application: Sees Appointment Schedule','Organizational: Doctor','2f45392cda0c7d8dd5eab198c270db7c550c4c3e3f03ddf977bbeb4340847375',NULL,'547dd5051038bf3485563ceacb10b73d'),('Application: Sees Appointment Schedule','Organizational: Nurse','fd9d4d9971c3ee09f52c30b901f541f45eaba7b90d74cb811c1519799269bc27',NULL,'70c4a0392b712f822ccb78ad778c27d8'),('Application: Sees Appointment Schedule','Organizational: Registration Clerk','dd8866e8c11faf0224dce902e6c5c8cf95e5ed8316e02e402ca880ef9db41f00',NULL,'ef2377f240f4e6a1d5d28051e0b149d1'),('Application: Uses Capture Vitals App','Organizational: Nurse','1539257feb3e3391b3b4391f064098685d273690e31f136b7409e726f4e4b4cb',NULL,'a4e43a8173a431ce29f72ba61e8c81d4'),('Application: Uses Patient Summary','Organizational: Doctor','1d3158abc3d5363550880a5d6194bc46f56f3b7595cfe78f5186042611f97bf1',NULL,'ec70ed3c0f97225cdc3b123ea9d759b8'),('Application: Uses Patient Summary','Organizational: Nurse','818b7abe530e0cf949a0d1e056efa266ef9e2500e383f9fa7824c168e4a377be',NULL,'b691d0e3bc9efc78be674ec957ed7cdf'),('Application: Writes Clinical Notes','Organizational: Doctor','4ce7c7bf1fd7d73cebadefb2c31d16685b0a8a0ec6873da46d414f2e4f739e7e',NULL,'5045f913dad9978a2147d4e9fa10833d'),('Privilege Level: High','Application: Configures Appointment Scheduling','dbb0c0f8c64dfbf0627a81730564f0419d748f8251e21e556978271bed704c67',NULL,'c96269f0a0045d93faaa7b44f29f5a23'),('Privilege Level: High','Application: Configures Forms','006dc0cce313825c592e2e6b320be4e735d870d9c504bffe51ee5d7662abea50',NULL,'80446071bbf3d99e5fc25373745d0108'),('Privilege Level: High','Application: Configures Metadata','3d708c2a7550a89d9a309c8c7bdf0a7e21458fd96f9faf09f89bbd355fe06b25',NULL,'de133ca3979d0f35c297b91b3202cdd5'),('Privilege Level: High','Application: Edits Existing Encounters','9837a6b2a7841011ff196ace70867a342b44c7c6bef55fd727d68c939eb7c0bb',NULL,'2af0e2783b2f4ed99e0a32fbbdf46132'),('Privilege Level: High','Application: Enters ADT Events','a0bde4f575d540f8dc68a1c642f6299aeeec1a63317106ab1677d6894565a6fe',NULL,'724c735677c39a7d6a6c1160c0dc0293'),('Privilege Level: High','Application: Enters Vitals','ba44086f51cefab9b89c448f02acf31fe995ab9aa2f2078c368332f925220f75',NULL,'fe3af0db1002c71121f233aa624a0a92'),('Privilege Level: High','Application: Has Super User Privileges','2e775dc76339bfab740f06d8a1a2a45eae7d5cf3a8b2eb07f2edb8a1c5b2a544',NULL,'b1a2c4a523aed49f5f77b9fd7c63d15b'),('Privilege Level: High','Application: Manages Atlas','a595781e279c500d4b2dc3f81b534a8c79e2fe04c36229161f28b2b2d1814e71',NULL,'6845b45b5a420d99f234120476ba65fe'),('Privilege Level: High','Application: Manages Provider Schedules','691282af7e9c9f6b89d2315314efc1ba2b135554928e02a6200638af80b9ffed',NULL,'3a33ee1fa20b510fd29f74ad30905d68'),('Privilege Level: High','Application: Records Allergies','297537ac67b96c168f852bad4b9be310a43378de8bef2b019748ef049a839aa1',NULL,'334249129c5eb8fac346b1b8c9e84e3a'),('Privilege Level: High','Application: Registers Patients','28b34eafe0cb4f3ada85fc3868d9e8885fee7868a0b92ceb77f443ce063351bf',NULL,'1635642b5c6f2bbf188f1d079a3786bb'),('Privilege Level: High','Application: Requests Appointments','b242042b0a29b70d9721dc8f81e059aab8ef6ed4161755190716baaa376816ae',NULL,'ac8a00451ea1e6cae6257d3af23eec79'),('Privilege Level: High','Application: Schedules And Overbooks Appointments','0d0291eea7faffde5095d783a2bbac0ef41f0e71b98ae3cd73b23148a0659236',NULL,'65d923f5bde43b74faa806db2dd3ba34'),('Privilege Level: High','Application: Schedules Appointments','f10cade07bd24588f75a902bfb13a34326d8733d72f486d61fe1020fa80a928c',NULL,'457b6f12e025e32bd53d721b2f70a9ba'),('Privilege Level: High','Application: Sees Appointment Schedule','44dcf4796330f20cbf2fbc60c215f5cdbb6678608d8b82d7ff7c610bc4842da0',NULL,'dcbb2363c96156ee135a6e29f3fdf835'),('Privilege Level: High','Application: Uses Capture Vitals App','60856c63338a5382a6ea743e05dd30ab222733e609b46f44b50a571626f1fe24',NULL,'cea7410a0481b19d4528699ed1697dfb'),('Privilege Level: High','Application: Uses Patient Summary','5741879c127296077e4aac7053dee3261992a2e17a8720c55082669ce7d075f0',NULL,'3b423e6a6c0d08136075f2bff9fc87b4'),('Privilege Level: High','Application: Writes Clinical Notes','00ced7412c1a4a32528466f6c616108a0da6496294b9a945a568183ce1c86f20',NULL,'63d22f30cbdf8c3b31395df2d574239e'),('Provider','Clinician','54cf94e76b5fde79a00a53f352a01a6889a25a30cc3c971930d9ba416c534aad',NULL,'c43c69b0d77c6c20cddf2a741464c987'),('System Developer','Application: Has Super User Privileges','faa79f1411fc348ee96635a186396153fad8ec211b072add4f0d7a66b0b300b1',NULL,'1b615390260ababb0b590d965924ecfc'),('System Developer','Authenticated','48c67ad35f8981de253fe72ccef766c3e4a16687ef0abc497037e9086ce933b8',NULL,'75e73103f39f55c731c810e339267980'),('Data Manager','Organizational: System Administrator','29c2eaa4458ed05f4ba8b9f71e5435c52b69cab949049bb24f1c4b6e83d89811',NULL,'4f4792128f656527f280efacb048698b'),('Data Assistant','Data Manager','5becc3270f03bbba9c410ce2b3b08ab2b8208bf2175b12629369b22c3dc938e6',NULL,'22696b852773061120d85fd04dea5498');
/*!40000 ALTER TABLE `role_roletesttwo` ENABLE KEYS */;
UNLOCK TABLES;

--
-- Table structure for table `user_role`
--

DROP TABLE IF EXISTS `user_role`;
/*!40101 SET @saved_cs_client     = @@character_set_client */;
 SET character_set_client = utf8mb4 ;
CREATE TABLE `user_role` (
  `user_id` int(11) NOT NULL DEFAULT '0',
  `role` varchar(50) NOT NULL DEFAULT '',
  `id` varchar(40) DEFAULT NULL,
  PRIMARY KEY (`role`,`user_id`),
  KEY `user_role_to_users` (`user_id`),
  CONSTRAINT `role_definitions` FOREIGN KEY (`role`) REFERENCES `role` (`role`),
  CONSTRAINT `user_role_to_users` FOREIGN KEY (`user_id`) REFERENCES `users` (`user_id`)
) ENGINE=InnoDB DEFAULT CHARSET=utf8;
/*!40101 SET character_set_client = @saved_cs_client */;

--
-- Dumping data for table `user_role`
--

LOCK TABLES `user_role` WRITE;
/*!40000 ALTER TABLE `user_role` DISABLE KEYS */;
INSERT INTO `user_role` VALUES (5,'Organizational: Doctor',NULL),(4,'Organizational: Nurse',NULL),(3,'Organizational: Registration Clerk',NULL),(6,'Organizational: System Administrator',NULL),(1,'Provider',NULL),(1,'System Developer',NULL),(7,'System Developer',NULL);
/*!40000 ALTER TABLE `user_role` ENABLE KEYS */;
UNLOCK TABLES;

--
-- Table structure for table `users`
--

DROP TABLE IF EXISTS `users`;
/*!40101 SET @saved_cs_client     = @@character_set_client */;
 SET character_set_client = utf8mb4 ;
CREATE TABLE `users` (
  `user_id` int(11) NOT NULL AUTO_INCREMENT,
  `system_id` varchar(50) NOT NULL DEFAULT '',
  `username` varchar(50) DEFAULT NULL,
  `password` varchar(128) DEFAULT NULL,
  `salt` varchar(128) DEFAULT NULL,
  `secret_question` varchar(255) DEFAULT NULL,
  `secret_answer` varchar(255) DEFAULT NULL,
  `creator` int(11) NOT NULL DEFAULT '0',
  `date_created` datetime NOT NULL,
  `changed_by` int(11) DEFAULT NULL,
  `date_changed` datetime DEFAULT NULL,
  `person_id` int(11) NOT NULL,
  `retired` tinyint(1) NOT NULL DEFAULT '0',
  `retired_by` int(11) DEFAULT NULL,
  `date_retired` datetime DEFAULT NULL,
  `retire_reason` varchar(255) DEFAULT NULL,
  `uuid` char(38) NOT NULL,
  `activation_key` varchar(255) DEFAULT NULL,
  `email` varchar(255) DEFAULT NULL,
  PRIMARY KEY (`user_id`),
  UNIQUE KEY `email` (`email`),
  KEY `user_who_changed_user` (`changed_by`),
  KEY `user_creator` (`creator`),
  KEY `user_who_retired_this_user` (`retired_by`),
  KEY `person_id_for_user` (`person_id`),
  CONSTRAINT `person_id_for_user` FOREIGN KEY (`person_id`) REFERENCES `person` (`person_id`),
  CONSTRAINT `user_creator` FOREIGN KEY (`creator`) REFERENCES `users` (`user_id`),
  CONSTRAINT `user_who_changed_user` FOREIGN KEY (`changed_by`) REFERENCES `users` (`user_id`),
  CONSTRAINT `user_who_retired_this_user` FOREIGN KEY (`retired_by`) REFERENCES `users` (`user_id`)
) ENGINE=InnoDB AUTO_INCREMENT=8 DEFAULT CHARSET=utf8;
/*!40101 SET character_set_client = @saved_cs_client */;

--
-- Dumping data for table `users`
--

LOCK TABLES `users` WRITE;
/*!40000 ALTER TABLE `users` DISABLE KEYS */;
INSERT INTO `users` VALUES (1,'admin','','8655bd638f8e8bc62ab54ed5cdea20f3f87f1a1557c58c97cbbf2c7ab4853a4193bee1d837785f32410443c6d115b14957cee04734115ce22767c604b854ea13','c788c6ad82a157b712392ca695dfcf2eed193d7f',NULL,NULL,1,'2005-01-01 00:00:00',1,'2019-05-14 16:34:58',1,0,NULL,NULL,NULL,'b5d847fe-768f-11e9-8ea1-fa163e701d7a',NULL,NULL),(2,'daemon','daemon',NULL,NULL,NULL,NULL,1,'2010-04-26 13:25:00',NULL,NULL,1,0,NULL,NULL,NULL,'A4F30A1B-5EB9-11DF-A648-37A07F9C90FB',NULL,NULL),(3,'3-4','clerk','c946037e8e162c4c17f81b4633e56588e9dd761f12f7802d27ede09a9dff1c3a92d0da4623d680d11ce1946cafa50f0ab89e9753d033b7b2f42ecc2f46d878f6','328fdb2a5e5f6d16ec63ad27af71f1c948ba370a4a2feffc9dd5ddbca49db6860e87ea1b6820d3b9213aa4ae19d374f9e3fa9aa277125448139fef74fff1786e',NULL,NULL,2,'2019-05-14 16:49:49',2,'2019-05-14 16:49:49',5,0,NULL,NULL,NULL,'4882dd60-0508-11e3-8ffd-0800200c9a66',NULL,NULL),(4,'4-2','nurse','6fd0777ea0fafd40ed27d20e6d71501bf8d08481c348b2973fb350f4bddc2adcbecae3a4d1720b330ba20ddc7a9b62269a4bb1443019dcbb2acb29b8b96d951d','d2fee9ba1205c7078fd0e770ad755ea311367989f6f1653148e7abfd2f544658219b05e6ab48118eba3e2b33387818d3b53030b1d853884a16a56c4a85468a69',NULL,NULL,2,'2019-05-14 16:49:49',2,'2019-05-14 16:49:49',6,0,NULL,NULL,NULL,'564b2790-0508-11e3-8ffd-0800200c9a66',NULL,NULL),(5,'5-9','doctor','5b1f5da25c5516924bc7bfe7840bdce0adce02be429996fbe37d36d04c30759080cb33ec5ad66e82f8ee431c15aed1eecc3675288f82ff8ec8e6e943b0d47c1a','75df9dcd3db8c4ff746dd53684f9a25d29b7ca47497c616cf9927410cb6fea4d78621f96584f9c5945932f00ab5622885ddfcc713be343d464f80bbc54f01118',NULL,NULL,2,'2019-05-14 16:49:49',2,'2019-05-14 16:49:49',7,0,NULL,NULL,NULL,'67bfd7f0-0508-11e3-8ffd-0800200c9a66',NULL,NULL),(6,'6-7','sysadmin','1eab3265b90846c5c5510cfb0b3b6685ecea7245c1ebbf3efc1be4850d460e3e180afb8e386a44ab7d24b9df14a86043dfce934f0a54247673df41ba539e2dcb','91cfc0e3a968d8e400412ef54862892d6dfc730107aac1758ad1268d7499920c8eeca4f47b3f77192abd15ad2f58278de1497fdcd012f61330daef0939eeb9fb',NULL,NULL,2,'2019-05-14 16:49:50',2,'2019-05-14 16:49:50',8,0,NULL,NULL,NULL,'8295e796-4016-11e4-8e9b-2939a1809c8e',NULL,NULL),(7,'7-5','scheduler','cd4805404f7853580c468cd1c455e534b920e9653cd73aa3e68d305ace9b77e85620843530ad6bd014c6ca81acdb5ba91270e8f6fae23f3f00e3f4a633778ec6','6f354c798b70ac1fac588881309c13f9ef0233b8cea5bff199878b88371d21f425ca98d69cd5d7d4108c789f7696c165c3b787aebdf3d1a8b7414c0e43b4568c',NULL,NULL,2,'2019-05-14 16:49:50',2,'2019-05-14 16:49:50',1,0,NULL,NULL,NULL,'0a3493e8-21f8-11e3-8ad1-1b02b898d14d',NULL,NULL);
/*!40000 ALTER TABLE `users` ENABLE KEYS */;
UNLOCK TABLES;

--
-- Dumping events for database 'openmrstest'
--
/*!40103 SET TIME_ZONE=@OLD_TIME_ZONE */;

/*!40101 SET SQL_MODE=@OLD_SQL_MODE */;
/*!40014 SET FOREIGN_KEY_CHECKS=@OLD_FOREIGN_KEY_CHECKS */;
/*!40014 SET UNIQUE_CHECKS=@OLD_UNIQUE_CHECKS */;
/*!40101 SET CHARACTER_SET_CLIENT=@OLD_CHARACTER_SET_CLIENT */;
/*!40101 SET CHARACTER_SET_RESULTS=@OLD_CHARACTER_SET_RESULTS */;
/*!40101 SET COLLATION_CONNECTION=@OLD_COLLATION_CONNECTION */;
/*!40111 SET SQL_NOTES=@OLD_SQL_NOTES */;

-- Dump completed on 2019-09-27 10:33:18
